asset,asset_class,strategy,split,final_gross_equity,final_equity,gross_total_return,net_total_return,total_return_pct,gross_sharpe,net_sharpe,sharpe_ratio,max_drawdown_pct,num_trades,win_rate,avg_win_pct,avg_loss_pct,cost_bps,total_transaction_cost,total_turnover,signal_count
DBC,commodities,Strategy0 / Baseline,full,99549.98,44819.22,-0.450017,-55.180781,-55.180781,0.08424,-1.10573,-1.10573,-63.052804,1350,0.29037,1.079235,-0.516555,1.5,54730.764104,364871760.691079,2700
DBC,commodities,Strategy1 / Asymmetric Intervals,full,94611.05,38781.17,-5.388947,-61.218834,-61.218834,-0.05413,-1.601265,-1.601265,-69.220342,1591,0.243872,1.040368,-0.408005,1.5,55829.887303,372199248.68857,3182
DBC,commodities,Strategy2 / EMA Filter,full,85832.99,44026.96,-14.167014,-55.973045,-55.973045,-0.204032,-1.008491,-1.008491,-62.593474,1156,0.289792,1.113459,-0.544925,1.5,41806.03061,278706870.734708,2312
DBC,commodities,Strategy3 / Exit Confirmation,full,108435.96,59478.1,8.435955,-40.521904,-40.521904,0.142097,-0.319664,-0.319664,-55.572646,1013,0.335637,1.353868,-0.745724,1.5,48957.8587,326385724.669446,2026
DBC,commodities,Strategy4 / EMA + Confirmation,full,99472.45,59339.09,-0.527552,-40.660908,-40.660908,0.060857,-0.354264,-0.354264,-52.245284,910,0.342857,1.351165,-0.775816,1.5,40133.356204,267555708.024236,1820
GLD,commodities,Strategy0 / Baseline,full,114987.15,82507.07,14.987145,-17.492934,-17.492934,0.597991,-0.548647,-0.548647,-22.421533,1251,0.286171,0.556276,-0.242179,1.5,32480.079197,216533861.316587,2502
GLD,commodities,Strategy1 / Asymmetric Intervals,full,113943.03,76079.72,13.943034,-23.920282,-23.920282,0.668465,-0.94388,-0.94388,-27.440828,1498,0.241656,0.535202,-0.192887,1.5,37863.316355,252422109.034425,2996
GLD,commodities,Strategy2 / EMA Filter,full,105871.53,78777.24,5.87153,-21.222764,-21.222764,0.236264,-0.617384,-0.617384,-25.725889,1065,0.28169,0.586696,-0.258737,1.5,27094.293724,180628624.825265,2130
GLD,commodities,Strategy3 / Exit Confirmation,full,109486.78,86028.13,9.486782,-13.971874,-13.971874,0.198744,-0.181589,-0.181589,-27.131525,922,0.341649,0.662002,-0.36345,1.5,23458.655326,156391035.504278,1844
GLD,commodities,Strategy4 / EMA + Confirmation,full,96214.81,76133.88,-3.78519,-23.866118,-23.866118,-0.041361,-0.439991,-0.439991,-31.110035,824,0.342233,0.641267,-0.379489,1.5,20080.928006,133872853.374779,1648
SLV,commodities,Strategy0 / Baseline,full,101881.43,89425.15,1.881425,-10.574846,-10.574846,0.118459,-0.392836,-0.392836,-18.534677,1217,0.316352,0.374813,-0.185555,1.5,12456.270933,83041806.219804,2434
SLV,commodities,Strategy1 / Asymmetric Intervals,full,98830.57,84111.74,-1.16943,-15.888264,-15.888264,-0.020039,-0.850542,-0.850542,-23.118957,1463,0.272727,0.347497,-0.145617,1.5,14718.83379,98125558.598904,2926
SLV,commodities,Strategy2 / EMA Filter,full,103028.01,92441.76,3.028008,-7.558239,-7.558239,0.148682,-0.241275,-0.241275,-15.58026,1017,0.316618,0.414219,-0.201699,1.5,10586.246909,70574979.391082,2034
SLV,commodities,Strategy3 / Exit Confirmation,full,100732.59,91482.04,0.732594,-8.517959,-8.517959,0.046955,-0.148434,-0.148434,-20.719348,921,0.348534,0.490268,-0.274422,1.5,9250.552387,61670349.248096,1842
SLV,commodities,Strategy4 / EMA + Confirmation,full,96319.3,87864.92,-3.680701,-12.135077,-12.135077,-0.061835,-0.267818,-0.267818,-18.237887,822,0.36253,0.468451,-0.288411,1.5,8454.376615,56362510.76435,1644
USO,commodities,Strategy0 / Baseline,full,74790.54,41775.46,-25.209463,-58.224537,-58.224537,-0.349729,-0.967609,-0.967609,-65.889623,1358,0.311487,1.064885,-0.564867,1.5,33015.07363,220100490.86799,2715
USO,commodities,Strategy1 / Asymmetric Intervals,full,76589.23,38530.47,-23.410766,-61.46953,-61.46953,-0.443266,-1.421387,-1.421387,-67.16505,1615,0.265635,1.046319,-0.451153,1.5,38058.763567,253725090.44531,3229
USO,commodities,Strategy2 / EMA Filter,full,76974.51,48452.25,-23.025487,-51.54775,-51.54775,-0.308244,-0.819961,-0.819961,-60.324769,1153,0.320035,1.075242,-0.587628,1.5,28522.263625,190148424.164767,2305
USO,commodities,Strategy3 / Exit Confirmation,full,49179.46,28713.67,-50.820545,-71.286327,-71.286327,-0.51365,-0.78163,-0.78163,-78.006517,1036,0.331081,1.380558,-0.845408,1.5,20465.782205,136438548.035523,2071
USO,commodities,Strategy4 / EMA + Confirmation,full,49408.59,31756.97,-50.591415,-68.243031,-68.243031,-0.556323,-0.792473,-0.792473,-76.192919,927,0.33657,1.373805,-0.864849,1.5,17651.616677,117677444.512715,1853
BNBUSDT,crypto,Strategy0 / Baseline,full,71405.63,7670.61,-28.594367,-92.329389,-92.329389,-0.109664,-1.088604,-1.088604,-96.65791,3026,0.219762,1.486873,-0.512689,4.0,63735.022025,159337555.062682,6051
BNBUSDT,crypto,Strategy1 / Asymmetric Intervals,full,75468.93,5762.8,-24.531069,-94.237196,-94.237196,-0.097155,-1.420298,-1.420298,-96.93998,3540,0.19096,1.440836,-0.427894,4.0,69706.127152,174265317.878899,7079
BNBUSDT,crypto,Strategy2 / EMA Filter,full,71130.71,8383.21,-28.869294,-91.616786,-91.616786,-0.098405,-0.931765,-0.931765,-96.311776,2901,0.216477,1.544278,-0.520477,4.0,62747.49151,156868728.774635,5801
BNBUSDT,crypto,Strategy3 / Exit Confirmation,full,79200.73,17831.13,-20.79927,-82.16887,-82.16887,0.005311,-0.428048,-0.428048,-91.539953,2214,0.271454,1.723556,-0.72363,4.0,61369.599435,153423998.586276,4427
BNBUSDT,crypto,Strategy4 / EMA + Confirmation,full,77908.2,16832.02,-22.091798,-83.167985,-83.167985,-0.001294,-0.438041,-0.438041,-92.09922,2181,0.269601,1.74548,-0.730455,4.0,61076.18646,152690466.15052,4361
BTCUSDT,crypto,Strategy0 / Baseline,full,189012.13,46596.17,89.01213,-53.403833,-53.403833,0.695683,-0.313192,-0.313192,-65.318519,2891,0.228641,1.457656,-0.455243,4.0,142415.962156,356039905.390443,5781
BTCUSDT,crypto,Strategy1 / Asymmetric Intervals,full,176061.61,33426.33,76.061605,-66.57367,-66.57367,0.672725,-0.534847,-0.534847,-71.493859,3342,0.194195,1.46972,-0.385957,4.0,142635.275308,356588188.270233,6684
BTCUSDT,crypto,Strategy2 / EMA Filter,full,192244.31,48853.55,92.244307,-51.146452,-51.146452,0.624266,-0.254508,-0.254508,-64.245595,2797,0.228102,1.488505,-0.461786,4.0,143390.759126,358476897.815634,5593
BTCUSDT,crypto,Strategy3 / Exit Confirmation,full,187432.29,67346.56,87.432293,-32.65344,-32.65344,0.445792,-0.053924,-0.053924,-54.965123,2170,0.291705,1.521659,-0.63517,4.0,120085.733438,300214333.594652,4339
BTCUSDT,crypto,Strategy4 / EMA + Confirmation,full,200571.76,75146.33,100.571757,-24.85367,-24.85367,0.472752,-0.009045,-0.009045,-51.124738,2128,0.292763,1.534023,-0.636522,4.0,125425.427053,313563567.631697,4255
ETHUSDT,crypto,Strategy0 / Baseline,full,141071.81,63053.17,41.071805,-36.946829,-36.946829,0.409162,-0.195225,-0.195225,-58.26035,2916,0.246914,1.131067,-0.384502,4.0,78018.634405,195046586.012051,5831
ETHUSDT,crypto,Strategy1 / Asymmetric Intervals,full,144345.69,57237.4,44.34569,-42.762596,-42.762596,0.530618,-0.315847,-0.315847,-57.499219,3356,0.216925,1.100435,-0.320192,4.0,87108.286183,217770715.457763,6711
ETHUSDT,crypto,Strategy2 / EMA Filter,full,138621.96,62839.34,38.621961,-37.160661,-37.160661,0.396092,-0.202177,-0.202177,-57.423157,2852,0.245091,1.148411,-0.38703,4.0,75782.622144,189456555.361015,5703
ETHUSDT,crypto,Strategy3 / Exit Confirmation,full,127735.02,68966.83,27.735024,-31.03317,-31.03317,0.226104,-0.091347,-0.091347,-61.841227,2166,0.301939,1.251661,-0.554058,4.0,58768.193658,146920484.145544,4331
ETHUSDT,crypto,Strategy4 / EMA + Confirmation,full,124710.82,67040.96,24.710817,-32.959041,-32.959041,0.211458,-0.106792,-0.106792,-60.749796,2141,0.301728,1.252999,-0.556246,4.0,57669.857686,144174644.213798,4281
SOLUSDT,crypto,Strategy0 / Baseline,full,57663.04,19153.29,-42.336956,-80.846712,-80.846712,-0.299137,-0.724921,-0.724921,-82.378162,3085,0.254133,1.21701,-0.475873,4.0,38509.755984,96274389.959062,6169
SOLUSDT,crypto,Strategy1 / Asymmetric Intervals,full,67386.65,19520.62,-32.613351,-80.479381,-80.479381,-0.250229,-0.88598,-0.88598,-82.074582,3580,0.220391,1.187388,-0.386159,4.0,47866.030883,119665077.20827,7159
SOLUSDT,crypto,Strategy2 / EMA Filter,full,59308.71,20683.28,-40.691295,-79.316717,-79.316717,-0.279671,-0.699561,-0.699561,-81.7876,2995,0.251753,1.247368,-0.479197,4.0,38625.422267,96563555.668509,5989
SOLUSDT,crypto,Strategy3 / Exit Confirmation,full,51323.95,23822.19,-48.67605,-76.177812,-76.177812,-0.250427,-0.452611,-0.452611,-78.03101,2287,0.304329,1.382159,-0.677739,4.0,27501.76172,68754404.299837,4573
SOLUSDT,crypto,Strategy4 / EMA + Confirmation,full,54839.88,25552.7,-45.160123,-74.447299,-74.447299,-0.218172,-0.43059,-0.43059,-76.435118,2263,0.304463,1.386982,-0.676734,4.0,29287.176058,73217940.144487,4525
AAPL,equities,Strategy0 / Baseline,full,184158.98,148629.4,84.158975,48.629396,48.629396,1.062908,0.669313,0.669313,-24.605348,1293,0.33256,1.011549,-0.449043,1.0,35529.579662,355295796.618252,2586
AAPL,equities,Strategy1 / Asymmetric Intervals,full,171888.67,132195.54,71.888666,32.195539,32.195539,1.30969,0.667563,0.667563,-30.924432,1577,0.285986,0.918723,-0.337056,1.0,39693.126911,396931269.105252,3154
AAPL,equities,Strategy2 / EMA Filter,full,178824.26,148895.16,78.824265,48.895162,48.895162,0.938576,0.626024,0.626024,-15.765747,1097,0.329991,1.068028,-0.462665,1.0,29929.103032,299291030.318231,2194
AAPL,equities,Strategy3 / Exit Confirmation,full,234841.98,204565.37,134.841975,104.56537,104.56537,0.87114,0.697099,0.697099,-29.616692,937,0.381003,1.269164,-0.642536,1.0,30276.605397,302766053.967159,1874
AAPL,equities,Strategy4 / EMA + Confirmation,full,203736.02,178286.11,103.736017,78.286109,78.286109,0.802434,0.62943,0.62943,-29.893959,849,0.39576,1.225944,-0.67456,1.0,25449.908041,254499080.407316,1698
AMZN,equities,Strategy0 / Baseline,full,167083.11,130086.37,67.083109,30.086372,30.086372,0.813276,0.446817,0.446817,-39.981484,1315,0.337643,1.121528,-0.529613,1.0,36996.737418,369967374.182165,2629
AMZN,equities,Strategy1 / Asymmetric Intervals,full,130755.5,94374.88,30.755496,-5.625115,-5.625115,0.643585,0.059671,0.059671,-45.538277,1593,0.301946,0.980582,-0.420897,1.0,36380.610901,363806109.008846,3185
AMZN,equities,Strategy2 / EMA Filter,full,184488.85,150538.78,84.488849,50.538775,50.538775,0.787109,0.524122,0.524122,-35.681783,1101,0.354223,1.180781,-0.576299,1.0,33950.074025,339500740.247004,2201
AMZN,equities,Strategy3 / Exit Confirmation,full,172267.21,143838.61,72.267214,43.838615,43.838615,0.489,0.342557,0.342557,-37.441425,966,0.36646,1.53528,-0.805964,1.0,28428.599065,284285990.647053,1931
AMZN,equities,Strategy4 / EMA + Confirmation,full,177360.75,151372.99,77.360755,51.372993,51.372993,0.547431,0.405192,0.405192,-35.059959,866,0.378753,1.532442,-0.832977,1.0,25987.761752,259877617.517391,1731
GOOGL,equities,Strategy0 / Baseline,full,84788.18,57386.34,-15.211817,-42.61366,-42.61366,-0.118932,-0.528125,-0.528125,-59.301286,1304,0.328221,1.131101,-0.603445,1.0,27401.842903,274018429.034782,2607
GOOGL,equities,Strategy1 / Asymmetric Intervals,full,82765.32,54329.44,-17.234679,-45.670564,-45.670564,-0.256419,-0.849202,-0.849202,-59.126761,1592,0.296482,0.986545,-0.461818,1.0,28435.884648,284358846.478012,3183
GOOGL,equities,Strategy2 / EMA Filter,full,88056.52,63806.59,-11.943484,-36.193412,-36.193412,-0.06269,-0.38379,-0.38379,-53.59128,1101,0.326067,1.226586,-0.640374,1.0,24249.92721,242499272.099493,2201
GOOGL,equities,Strategy3 / Exit Confirmation,full,123258.92,98997.26,23.258924,-1.002735,-1.002735,0.245916,0.092555,0.092555,-46.062518,938,0.357143,1.610031,-0.871571,1.0,24261.659044,242616590.439078,1875
GOOGL,equities,Strategy4 / EMA + Confirmation,full,112514.1,91162.88,12.514104,-8.837117,-8.837117,0.18519,0.035801,0.035801,-47.40717,860,0.359302,1.634291,-0.907432,1.0,21351.221068,213512210.684107,1719
META,equities,Strategy0 / Baseline,full,80193.74,56137.88,-19.806255,-43.862125,-43.862125,-0.117345,-0.398096,-0.398096,-56.804327,1364,0.315982,1.41564,-0.698758,1.0,24055.869309,240558693.088271,2728
META,equities,Strategy1 / Asymmetric Intervals,full,79015.85,49966.32,-20.984147,-50.033684,-50.033684,-0.208664,-0.696572,-0.696572,-56.230215,1675,0.287761,1.235618,-0.545202,1.0,29049.537156,290495371.556175,3350
META,equities,Strategy2 / EMA Filter,full,90218.02,68778.76,-9.781975,-31.221236,-31.221236,0.01186,-0.198185,-0.198185,-50.888109,1150,0.313043,1.533825,-0.727558,1.0,21439.26029,214392602.903915,2300
META,equities,Strategy3 / Exit Confirmation,full,117934.23,94327.7,17.934233,-5.672299,-5.672299,0.202643,0.093204,0.093204,-41.400481,977,0.365404,1.934624,-1.08401,1.0,23606.532414,236065324.138946,1954
META,equities,Strategy4 / EMA + Confirmation,full,103991.23,83578.67,3.991231,-16.421327,-16.421327,0.136114,0.027947,0.027947,-45.86895,895,0.369832,1.915917,-1.115226,1.0,20412.557752,204125577.524279,1790
MSFT,equities,Strategy0 / Baseline,full,96313.16,71165.94,-3.686838,-28.834061,-28.834061,0.026222,-0.402952,-0.402952,-43.7665,1312,0.321646,0.965439,-0.488153,1.0,25147.222573,251472225.731376,2624
MSFT,equities,Strategy1 / Asymmetric Intervals,full,86035.87,57339.63,-13.964128,-42.660375,-42.660375,-0.263498,-1.018513,-1.018513,-50.726829,1592,0.290201,0.828755,-0.382707,1.0,28696.24684,286962468.396242,3184
MSFT,equities,Strategy2 / EMA Filter,full,91463.17,69964.99,-8.53683,-30.035005,-30.035005,-0.061043,-0.407309,-0.407309,-44.724758,1109,0.323715,1.013472,-0.524259,1.0,21498.175499,214981754.994593,2218
MSFT,equities,Strategy3 / Exit Confirmation,full,110248.68,89777.96,10.248681,-10.222038,-10.222038,0.162322,-0.013537,-0.013537,-36.649756,938,0.356077,1.281347,-0.711215,1.0,20470.719167,204707191.668327,1876
MSFT,equities,Strategy4 / EMA + Confirmation,full,103662.95,85476.66,3.662947,-14.523339,-14.523339,0.109829,-0.064702,-0.064702,-40.424248,843,0.362989,1.292792,-0.749743,1.0,18186.28622,181862862.198049,1686
NVDA,equities,Strategy0 / Baseline,full,245123.73,213735.69,145.123728,113.735692,113.735692,1.468954,1.201915,1.201915,-23.461312,1339,0.324869,1.276555,-0.518781,1.0,31388.036361,313880363.608346,2677
NVDA,equities,Strategy1 / Asymmetric Intervals,full,216741.44,181032.01,116.741437,81.03201,81.03201,1.540041,1.140734,1.140734,-23.955108,1602,0.292759,1.123526,-0.404703,1.0,35709.427494,357094274.9444,3203
NVDA,equities,Strategy2 / EMA Filter,full,255582.13,228875.0,155.582129,128.875004,128.875004,1.23174,1.050464,1.050464,-26.326112,1120,0.333929,1.342179,-0.549514,1.0,26707.125369,267071253.687903,2239
NVDA,equities,Strategy3 / Exit Confirmation,full,183304.25,164070.62,83.30425,64.070615,64.070615,0.531246,0.436228,0.436228,-36.696006,951,0.378549,1.575725,-0.852544,1.0,19233.634746,192336347.461705,1901
NVDA,equities,Strategy4 / EMA + Confirmation,full,201518.57,182820.66,101.518571,82.820664,82.820664,0.643036,0.549118,0.549118,-33.523366,853,0.399766,1.569446,-0.901753,1.0,18697.907243,186979072.431687,1705
TSLA,equities,Strategy0 / Baseline,full,1412976.59,1248484.35,1312.976591,1148.484346,1148.484346,2.153145,1.965208,1.965208,-23.615711,1281,0.359094,2.177119,-0.872357,1.0,164492.245711,1644922457.108992,2561
TSLA,equities,Strategy1 / Asymmetric Intervals,full,1243305.51,1071217.26,1143.30551,971.217259,971.217259,2.468059,2.19783,2.19783,-24.1583,1516,0.327836,1.951545,-0.688357,1.0,172088.251346,1720882513.461685,3031
TSLA,equities,Strategy2 / EMA Filter,full,1322636.07,1169396.63,1222.636066,1069.396633,1069.396633,1.774518,1.626545,1.626545,-25.155782,1088,0.372243,2.24972,-0.929709,1.0,153239.432561,1532394325.611252,2175
TSLA,equities,Strategy3 / Exit Confirmation,full,1361697.36,1249260.7,1261.697364,1149.260696,1149.260696,1.234449,1.153211,1.153211,-41.743125,944,0.394068,2.87589,-1.355014,1.0,112436.668382,1124366683.820341,1887
TSLA,equities,Strategy4 / EMA + Confirmation,full,1168615.07,1061884.24,1068.615066,961.884238,961.884238,1.248009,1.161843,1.161843,-47.734898,866,0.393764,2.926401,-1.374899,1.0,106730.828151,1067308281.51157,1731
