strategy,optimizer,asset,asset_class,frequency,split,gross_total_return,net_total_return,total_return,annualized_return,annualized_volatility,gross_sharpe,net_sharpe,sharpe,sortino,max_drawdown,calmar,hit_rate,turnover,total_transaction_cost,trade_count,average_trade_pnl,exposure_time,cost_bps,config_source
Strategy0 / Baseline,NES,GLD,commodities,15min,train,18.898971,-14.209569,-14.209569,-3.889674,76.605946,1.867492,-0.797606,-0.797606,-1.31327,-39.358088,-0.098828,0.338129,0.087139,33108.539714,556,-25.556778,0.280063,1.5,optimized
Strategy0 / Baseline,NES,GLD,commodities,15min,validation,3.165018,-4.984734,-4.984734,-6.050441,82.464933,1.337697,-1.071295,-1.071295,-1.75236,-19.776809,-0.305936,0.313869,0.101631,8149.752165,137,-36.384923,0.317247,1.5,optimized
Strategy0 / Baseline,NES,USO,commodities,15min,train,-34.815688,-56.110504,-56.110504,-19.14884,157.910025,-1.029685,-1.974404,-1.974404,-3.119772,-74.024856,-0.258681,0.351613,0.056046,21294.815866,620,-90.500813,0.296407,1.5,optimized
Strategy0 / Baseline,NES,USO,commodities,15min,validation,-55.92742,-62.029978,-62.029978,-69.581231,154.517431,-12.368265,-13.700028,-13.700028,-17.328732,-65.927961,-1.055413,0.253521,0.076101,6102.557828,142,-436.830831,0.305836,1.5,optimized
Strategy0 / Baseline,NES,BTCUSDT,crypto,15min,train,110.450368,-53.666059,-53.666059,-18.00451,248.06232,1.827863,0.459675,0.459675,1.05668,-76.770197,-0.234525,0.293023,0.030164,164116.427023,1505,-35.658511,0.306879,4.0,optimized
Strategy0 / Baseline,NES,BTCUSDT,crypto,15min,validation,102.170247,36.399599,36.399599,46.072756,193.178085,5.300256,2.560314,2.560314,5.798711,-40.615435,1.134366,0.354232,0.056374,65770.648142,319,114.105327,0.33267,4.0,optimized
Strategy0 / Baseline,NES,ETHUSDT,crypto,15min,train,-35.869622,-96.232823,-96.232823,-57.088168,271.319865,-0.059538,-1.192858,-1.192858,-2.362043,-96.366294,-0.592408,0.283582,0.011094,60363.200862,1608,-59.846283,0.309974,4.0,optimized
Strategy0 / Baseline,NES,ETHUSDT,crypto,15min,validation,92.179131,43.483111,43.483111,54.706996,292.587815,4.114589,2.633238,2.633238,7.359075,-54.096271,1.01129,0.275974,0.041739,48696.019858,308,141.178933,0.289231,4.0,optimized
Strategy0 / Baseline,NES,AAPL,equities,15min,train,31.085239,24.189335,24.189335,5.763341,37.598153,4.443238,3.525919,3.525919,6.127534,-10.353313,0.556666,0.386926,0.027224,6895.90466,566,42.73734,0.31591,1.0,optimized
Strategy0 / Baseline,NES,AAPL,equities,15min,validation,4.815826,4.249102,4.249102,5.359529,21.109922,6.446915,5.699668,5.699668,10.898746,-2.669009,2.00806,0.37931,0.010601,566.723467,116,36.630191,0.28844,1.0,optimized
Strategy0 / Baseline,NES,MSFT,equities,15min,train,48.229728,16.983397,16.983397,4.152835,124.525122,2.447908,1.305722,1.305722,2.111644,-34.420846,0.120649,0.372712,0.123357,31246.33185,601,28.258563,0.315476,1.0,optimized
Strategy0 / Baseline,NES,MSFT,equities,15min,validation,4.710148,-0.678745,-0.678745,-0.833601,110.308509,1.5781,0.396919,0.396919,0.646173,-19.16953,-0.043486,0.392593,0.100802,5388.89251,135,-5.02774,0.300973,1.0,optimized
Strategy0 / Baseline,NES,NVDA,equities,15min,train,34.514171,29.87021,29.87021,6.999586,42.445377,4.125163,3.605721,3.605721,5.904388,-8.507233,0.822781,0.364706,0.018334,4643.960859,595,50.202034,0.320213,1.0,optimized
Strategy0 / Baseline,NES,NVDA,equities,15min,validation,7.951163,7.359381,7.359381,9.058001,33.458926,6.351024,5.890537,5.890537,12.7707,-3.067538,2.952857,0.393443,0.01107,591.782045,122,60.322792,0.326225,1.0,optimized
Strategy1 / Asymmetric Intervals,NES,GLD,commodities,15min,train,26.710651,-13.538452,-13.538452,-3.695667,56.068611,2.572937,-0.916571,-0.916571,-1.786239,-27.937045,-0.132286,0.250352,0.105933,40249.102959,711,-19.041423,0.228701,1.5,optimized
Strategy1 / Asymmetric Intervals,NES,GLD,commodities,15min,validation,6.684796,-0.906976,-0.906976,-1.105939,45.872557,3.010104,-0.138703,-0.138703,-0.254921,-11.671163,-0.094758,0.275862,0.094672,7591.771859,174,-5.212503,0.265058,1.5,optimized
Strategy1 / Asymmetric Intervals,NES,USO,commodities,15min,train,0.919319,-19.293965,-19.293965,-5.382763,56.244609,0.32482,-1.259644,-1.259644,-2.357228,-34.78527,-0.154743,0.293103,0.0532,20213.283434,812,-23.76104,0.245006,1.5,optimized
Strategy1 / Asymmetric Intervals,NES,USO,commodities,15min,validation,-25.448058,-28.870837,-28.870837,-34.208509,44.257394,-12.318757,-13.973055,-13.973055,-16.493159,-31.860722,-1.073689,0.235955,0.042683,3422.779153,178,-162.195712,0.251964,1.5,optimized
Strategy1 / Asymmetric Intervals,NES,BTCUSDT,crypto,15min,train,136.668915,18.59244,18.59244,4.498336,82.340016,2.922566,0.783928,0.783928,1.985765,-34.301786,0.13114,0.251843,0.021702,118076.475109,1763,10.54591,0.285691,4.0,optimized
Strategy1 / Asymmetric Intervals,NES,BTCUSDT,crypto,15min,validation,92.027199,38.428362,38.428362,48.733389,130.774481,5.884527,2.906175,2.906175,7.719424,-26.426144,1.844135,0.330532,0.045941,53598.837126,357,107.64247,0.316419,4.0,optimized
Strategy1 / Asymmetric Intervals,NES,ETHUSDT,crypto,15min,train,11.650413,-42.971287,-42.971287,-13.490036,58.29708,0.625038,-1.292955,-1.292955,-3.04778,-48.635804,-0.277368,0.232884,0.010039,54621.700586,2001,-21.474906,0.284713,4.0,optimized
Strategy1 / Asymmetric Intervals,NES,ETHUSDT,crypto,15min,validation,24.207652,4.40974,4.40974,5.353481,78.904539,2.862496,0.832573,0.832573,2.476338,-27.58214,0.194092,0.221662,0.016969,19797.911813,397,11.107657,0.264134,4.0,optimized
Strategy1 / Asymmetric Intervals,NES,AAPL,equities,15min,train,34.525031,26.259864,26.259864,6.216733,30.345505,4.835407,3.739846,3.739846,7.496749,-5.823834,1.067464,0.351852,0.03263,8265.16668,702,37.407214,0.28638,1.0,optimized
Strategy1 / Asymmetric Intervals,NES,AAPL,equities,15min,validation,6.349509,5.694289,5.694289,7.195219,21.439487,7.241105,6.495982,6.495982,20.049795,-1.852757,3.883519,0.345865,0.012256,655.220688,133,42.814199,0.258324,1.0,optimized
Strategy1 / Asymmetric Intervals,NES,MSFT,equities,15min,train,29.671226,-2.002411,-2.002411,-0.52332,99.462699,1.769002,0.398118,0.398118,0.735633,-31.04698,-0.016856,0.323651,0.125044,31673.637852,723,-2.769587,0.278287,1.0,optimized
Strategy1 / Asymmetric Intervals,NES,MSFT,equities,15min,validation,-1.01211,-3.546283,-3.546283,-4.341193,40.407718,-0.343956,-1.678688,-1.678688,-3.212119,-12.496679,-0.347388,0.314103,0.047403,2534.173715,156,-22.732586,0.272353,1.0,optimized
Strategy1 / Asymmetric Intervals,NES,NVDA,equities,15min,train,202.645821,174.690578,174.690578,29.895854,155.874366,4.953344,4.443581,4.443581,7.33478,-26.530959,1.126829,0.363793,0.110364,27955.242696,580,301.190652,0.319463,1.0,optimized
Strategy1 / Asymmetric Intervals,NES,NVDA,equities,15min,validation,28.918694,26.465434,26.465434,33.202961,123.338402,5.90633,5.453343,5.453343,12.285472,-10.885688,3.050148,0.364341,0.04589,2453.260684,129,205.1584,0.330902,1.0,optimized
Strategy2 / EMA Filter,NES,GLD,commodities,15min,train,27.925475,3.763319,3.763319,0.960873,57.684968,3.279387,0.699614,0.699614,1.221253,-24.357,0.03945,0.336595,0.063593,24162.155905,511,7.364616,0.266917,1.5,optimized
Strategy2 / EMA Filter,NES,GLD,commodities,15min,validation,1.518561,-1.106829,-1.106829,-1.349335,28.738137,1.496604,-0.835509,-0.835509,-1.356681,-6.54488,-0.206166,0.333333,0.03274,2625.390646,129,-8.580072,0.306023,1.5,optimized
Strategy2 / EMA Filter,NES,USO,commodities,15min,train,-24.267907,-55.751352,-55.751352,-19.003466,137.46527,-0.496838,-2.023966,-2.023966,-3.440419,-68.252299,-0.27843,0.316667,0.082862,31483.444234,720,-77.432433,0.249112,1.5,optimized
Strategy2 / EMA Filter,NES,USO,commodities,15min,validation,-33.105798,-40.28653,-40.28653,-46.929225,98.206354,-8.100611,-9.885804,-9.885804,-12.749953,-46.093693,-1.018127,0.301205,0.089546,7180.731564,166,-242.689938,0.25982,1.5,optimized
Strategy2 / EMA Filter,NES,BTCUSDT,crypto,15min,train,114.544023,3.959619,3.959619,1.007052,113.243429,2.466343,0.620028,0.620028,1.427119,-44.35149,0.022706,0.293591,0.020325,110584.404791,1451,2.728889,0.303277,4.0,optimized
Strategy2 / EMA Filter,NES,BTCUSDT,crypto,15min,validation,89.159635,35.046236,35.046236,44.305457,173.417439,5.329401,2.665059,2.665059,6.151872,-34.486521,1.284718,0.344156,0.046382,54113.398898,308,113.786481,0.329551,4.0,optimized
Strategy2 / EMA Filter,NES,ETHUSDT,crypto,15min,train,11.609257,-25.244648,-25.244648,-7.232341,45.72265,0.775024,-1.094439,-1.094439,-2.159383,-28.158205,-0.256847,0.285624,0.006774,36853.904587,1579,-15.987744,0.314569,4.0,optimized
Strategy2 / EMA Filter,NES,ETHUSDT,crypto,15min,validation,16.487634,5.936547,5.936547,7.217649,61.334501,3.07385,1.293991,1.293991,3.313786,-17.97945,0.401439,0.279743,0.009044,10551.086911,311,19.088577,0.294134,4.0,optimized
Strategy2 / EMA Filter,NES,AAPL,equities,15min,train,13.443165,10.858819,10.858819,2.711816,20.157986,4.582104,3.731791,3.731791,6.158617,-5.365232,0.505442,0.387446,0.010203,2584.345408,462,23.503938,0.261508,1.0,optimized
Strategy2 / EMA Filter,NES,AAPL,equities,15min,validation,2.823881,2.644881,2.644881,3.328925,7.620199,14.391618,13.484818,13.484818,35.295462,-0.387212,8.597166,0.464286,0.003348,179.000197,84,31.486677,0.252525,1.0,optimized
Strategy2 / EMA Filter,NES,MSFT,equities,15min,train,9.482019,1.438212,1.438212,0.371106,43.873898,1.546487,0.423525,0.423525,0.678032,-20.97398,0.017694,0.386233,0.031756,8043.807544,523,2.749927,0.279313,1.0,optimized
Strategy2 / EMA Filter,NES,MSFT,equities,15min,validation,1.55343,0.751868,0.751868,0.93493,23.149912,2.386476,1.219384,1.219384,2.088731,-5.295744,0.176544,0.360825,0.014994,801.561859,97,7.751214,0.249719,1.0,optimized
Strategy2 / EMA Filter,NES,NVDA,equities,15min,train,131.04858,114.584417,114.584417,21.852551,119.637003,5.120436,4.59349,4.59349,7.37677,-21.597268,1.01182,0.372137,0.064999,16464.163171,524,218.672552,0.291196,1.0,optimized
Strategy2 / EMA Filter,NES,NVDA,equities,15min,validation,17.651818,16.381173,16.381173,20.362641,82.268931,6.756521,6.300184,6.300184,12.847472,-5.732912,3.551885,0.417476,0.023768,1270.645059,103,159.040515,0.289749,1.0,optimized
Strategy3 / Exit Confirmation,CMA-ES,GLD,commodities,15min,train,19.408639,-2.82618,-2.82618,-0.739307,112.288579,2.032228,0.331629,0.331629,0.542055,-20.932702,-0.035318,0.418231,0.05852,22234.8187,373,-7.576889,0.483024,1.5,optimized
Strategy3 / Exit Confirmation,CMA-ES,GLD,commodities,15min,validation,14.853445,11.58232,11.58232,14.312741,83.863921,7.090912,5.610047,5.610047,11.171157,-13.686068,1.045789,0.433735,0.040792,3271.124908,83,139.546027,0.52862,1.5,optimized
Strategy3 / Exit Confirmation,CMA-ES,USO,commodities,15min,train,-28.46772,-58.65015,-58.65015,-20.383391,136.354214,-0.804273,-2.316713,-2.316713,-4.049035,-68.78744,-0.296324,0.324895,0.079438,30182.430416,711,-82.489662,0.282511,1.5,optimized
Strategy3 / Exit Confirmation,CMA-ES,USO,commodities,15min,validation,-46.085363,-51.148449,-51.148449,-58.539166,108.438159,-11.952816,-13.260341,-13.260341,-16.328611,-53.687531,-1.090368,0.22293,0.063139,5063.086405,157,-325.7863,0.284699,1.5,optimized
Strategy3 / Exit Confirmation,CMA-ES,BTCUSDT,crypto,15min,train,229.080184,26.094743,26.094743,6.165323,235.451079,2.774045,1.355711,1.355711,3.038235,-65.107837,0.094694,0.30788,0.037308,202985.440976,1231,21.198004,0.33114,4.0,optimized
Strategy3 / Exit Confirmation,CMA-ES,BTCUSDT,crypto,15min,validation,26.712519,2.028649,2.028649,2.480707,124.407322,3.254482,0.81167,0.81167,1.673232,-30.425363,0.081534,0.361538,0.021157,24683.869797,260,7.802497,0.357733,4.0,optimized
Strategy3 / Exit Confirmation,CMA-ES,ETHUSDT,crypto,15min,train,84.903216,-44.237332,-44.237332,-13.989715,240.757834,2.021257,0.357521,0.357521,0.610687,-80.822262,-0.173092,0.364103,0.023735,129140.547778,975,-45.371622,0.441461,4.0,optimized
Strategy3 / Exit Confirmation,CMA-ES,ETHUSDT,crypto,15min,validation,16.662051,6.229249,6.229249,7.572494,124.54966,2.788355,1.433582,1.433582,2.531795,-14.388016,0.526306,0.371134,0.008942,10432.802247,194,32.109529,0.419447,4.0,optimized
Strategy3 / Exit Confirmation,CMA-ES,AAPL,equities,15min,train,128.407204,93.502834,93.502834,18.617165,100.644085,4.76856,3.703743,3.703743,7.158081,-18.502988,1.006171,0.352239,0.137799,34904.370051,670,139.556469,0.309751,1.0,optimized
Strategy3 / Exit Confirmation,CMA-ES,AAPL,equities,15min,validation,22.605092,19.219286,19.219286,24.675785,101.413803,5.524822,4.744468,4.744468,12.070779,-13.749253,1.7947,0.350746,0.063333,3385.806702,134,143.427506,0.298728,1.0,optimized
Strategy3 / Exit Confirmation,CMA-ES,MSFT,equities,15min,train,8.968926,-8.693707,-8.693707,-2.329828,211.044743,1.346483,0.683031,0.683031,1.004683,-53.220434,-0.043777,0.462725,0.06973,17662.632987,389,-22.34886,0.528977,1.0,optimized
Strategy3 / Exit Confirmation,CMA-ES,MSFT,equities,15min,validation,20.728565,18.466735,18.466735,23.422242,104.107128,7.611614,6.832712,6.832712,10.677327,-8.948663,2.617401,0.529412,0.042309,2261.829897,85,217.25571,0.550879,1.0,optimized
Strategy3 / Exit Confirmation,CMA-ES,NVDA,equities,15min,train,100.444732,89.668126,89.668126,18.019245,154.71052,4.658753,4.286661,4.286661,6.356219,-30.966039,0.581903,0.484456,0.042545,10776.605056,386,232.300846,0.535649,1.0,optimized
Strategy3 / Exit Confirmation,CMA-ES,NVDA,equities,15min,validation,8.770588,7.976421,7.976421,9.825284,81.309141,4.474365,4.108478,4.108478,6.220172,-8.820238,1.113948,0.47619,0.014855,794.167524,84,94.957389,0.544332,1.0,optimized
Strategy4 / EMA + Confirmation,CMA-ES,GLD,commodities,15min,train,2.815869,-19.554735,-19.554735,-5.476822,85.432698,0.649694,-1.476713,-1.476713,-2.380424,-34.021589,-0.160981,0.362187,0.058878,22370.60416,439,-44.543816,0.319068,1.5,optimized
Strategy4 / EMA + Confirmation,CMA-ES,GLD,commodities,15min,validation,9.194012,3.509685,3.509685,4.300334,81.162124,3.686531,1.656399,1.656399,2.839938,-14.610213,0.294338,0.392857,0.070886,5684.326959,112,31.33647,0.361953,1.5,optimized
Strategy4 / EMA + Confirmation,CMA-ES,USO,commodities,15min,train,-56.969033,-70.997254,-70.997254,-27.347064,159.25967,-3.229967,-4.193783,-4.193783,-6.250465,-79.409543,-0.34438,0.369863,0.036921,14028.220839,511,-138.937875,0.345717,1.5,optimized
Strategy4 / EMA + Confirmation,CMA-ES,USO,commodities,15min,validation,-26.499175,-29.009911,-29.009911,-34.367535,67.813532,-12.230795,-13.381217,-13.381217,-16.463488,-31.635943,-1.086345,0.297521,0.03131,2510.735237,121,-239.751328,0.356715,1.5,optimized
Strategy4 / EMA + Confirmation,CMA-ES,BTCUSDT,crypto,15min,train,322.895703,55.417386,55.417386,12.049937,254.999759,3.235773,1.689392,1.689392,3.784728,-56.199394,0.214414,0.314567,0.049161,267478.316399,1119,49.524027,0.326023,4.0,optimized
Strategy4 / EMA + Confirmation,CMA-ES,BTCUSDT,crypto,15min,validation,22.177048,1.905816,1.905816,2.331175,114.299282,3.172445,0.787933,0.787933,1.576339,-32.642408,0.071416,0.382353,0.017375,20271.231626,238,8.007631,0.353619,4.0,optimized
Strategy4 / EMA + Confirmation,CMA-ES,ETHUSDT,crypto,15min,train,-22.53994,-73.409253,-73.409253,-28.949636,170.540654,-0.008695,-1.318387,-1.318387,-2.482848,-76.519678,-0.378329,0.310606,0.00935,50869.312685,1188,-61.7923,0.340425,4.0,optimized
Strategy4 / EMA + Confirmation,CMA-ES,ETHUSDT,crypto,15min,validation,44.816746,34.146193,34.146193,42.620184,93.864681,6.795345,5.261647,5.261647,13.880992,-11.453561,3.72113,0.35514,0.009146,10670.553452,214,159.561647,0.316042,4.0,optimized
Strategy4 / EMA + Confirmation,CMA-ES,AAPL,equities,15min,train,25.615657,19.972432,19.972432,4.822238,32.147817,4.393477,3.483576,3.483576,5.800043,-10.628395,0.453713,0.39356,0.022279,5643.225161,559,35.728858,0.311686,1.0,optimized
Strategy4 / EMA + Confirmation,CMA-ES,AAPL,equities,15min,validation,3.37579,2.936339,2.936339,3.69765,16.582681,5.9284,5.168174,5.168174,9.622506,-2.188143,1.689857,0.371681,0.00822,439.450639,113,25.985304,0.287879,1.0,optimized
Strategy4 / EMA + Confirmation,CMA-ES,MSFT,equities,15min,train,-6.436521,-19.244646,-19.244646,-5.393407,167.480848,0.442741,-0.21458,-0.21458,-0.31938,-48.378683,-0.111483,0.438903,0.050565,12808.125257,401,-47.991636,0.454836,1.0,optimized
Strategy4 / EMA + Confirmation,CMA-ES,MSFT,equities,15min,validation,2.801131,2.103456,2.103456,2.619095,26.915175,4.177168,3.174279,3.174279,4.433462,-4.30338,0.608614,0.52381,0.01305,697.675357,84,25.04114,0.42948,1.0,optimized
Strategy4 / EMA + Confirmation,CMA-ES,NVDA,equities,15min,train,59.45583,52.314652,52.314652,11.506845,93.07468,4.181184,3.752193,3.752193,5.894532,-17.146802,0.671078,0.416851,0.028193,7141.178803,451,115.99701,0.38409,1.0,optimized
Strategy4 / EMA + Confirmation,CMA-ES,NVDA,equities,15min,validation,11.164571,10.492819,10.492819,12.955665,54.407593,7.109487,6.697148,6.697148,13.351241,-3.227316,4.014377,0.468085,0.012566,671.751696,94,111.625736,0.369248,1.0,optimized
