strategy,optimizer,asset,asset_class,frequency,iteration,candidate_id,params_json,train_net_sharpe,train_gross_sharpe,train_sharpe,train_net_return,train_return,train_volatility,train_max_drawdown,train_trade_count,train_total_cost,train_turnover,cost_bps,valid
Strategy0 / Baseline,NES,GLD,commodities,15min,0,1,"{""entry_interval"": 37, ""lookback"": 15, ""vol_target"": 0.011576}",-3.018686,-0.42595,-3.018686,-17.150869,-17.150869,36.221304,-20.48908,532,13958.266216,0.036737,1.5,True
Strategy0 / Baseline,NES,GLD,commodities,15min,0,2,"{""entry_interval"": 18, ""lookback"": 18, ""vol_target"": 0.005}",-3.015064,-0.416067,-3.015064,-7.708924,-7.708924,15.935526,-9.387329,533,6479.825371,0.017054,1.5,True
Strategy0 / Baseline,NES,GLD,commodities,15min,0,3,"{""entry_interval"": 23, ""lookback"": 13, ""vol_target"": 0.028424}",-2.140157,0.487033,-2.140157,-26.507727,-26.507727,74.804383,-32.903754,537,28279.164258,0.074429,1.5,True
Strategy0 / Baseline,NES,GLD,commodities,15min,0,4,"{""entry_interval"": 42, ""lookback"": 10, ""vol_target"": 0.035803}",-1.112458,1.459744,-1.112458,-16.862865,-16.862865,75.690061,-32.149714,537,29845.51807,0.078551,1.5,True
Strategy0 / Baseline,NES,GLD,commodities,15min,1,5,"{""entry_interval"": 60, ""lookback"": 6, ""vol_target"": 0.047515}",0.10369,2.829615,0.10369,-3.059951,-3.059951,72.219313,-25.187309,553,33723.417628,0.088758,1.5,True
Strategy0 / Baseline,NES,GLD,commodities,15min,1,6,"{""entry_interval"": 60, ""lookback"": 5, ""vol_target"": 0.05}",-0.797606,1.867492,-0.797606,-14.209569,-14.209569,76.605946,-39.358088,556,33108.539714,0.087139,1.5,True
Strategy0 / Baseline,NES,GLD,commodities,15min,1,7,"{""entry_interval"": 60, ""lookback"": 5, ""vol_target"": 0.05}",-0.797606,1.867492,-0.797606,-14.209569,-14.209569,76.605946,-39.358088,556,33108.539714,0.087139,1.5,True
Strategy0 / Baseline,NES,GLD,commodities,15min,1,8,"{""entry_interval"": 53, ""lookback"": 9, ""vol_target"": 0.043091}",-0.525752,2.165312,-0.525752,-10.66885,-10.66885,75.447548,-29.249109,544,32895.748478,0.086579,1.5,True
Strategy0 / Baseline,NES,BTCUSDT,crypto,15min,0,1,"{""entry_interval"": 37, ""lookback"": 15, ""vol_target"": 0.011576}",0.111223,1.997099,0.111223,-27.192522,-27.192522,134.991552,-50.06434,1457,118775.623901,0.02183,4.0,True
Strategy0 / Baseline,NES,BTCUSDT,crypto,15min,0,2,"{""entry_interval"": 18, ""lookback"": 18, ""vol_target"": 0.005}",-0.231339,1.802498,-0.231339,-13.290619,-13.290619,61.871373,-28.459063,1415,54350.348353,0.009989,4.0,True
Strategy0 / Baseline,NES,BTCUSDT,crypto,15min,0,3,"{""entry_interval"": 23, ""lookback"": 13, ""vol_target"": 0.028424}",-0.090381,1.398151,-0.090381,-74.339719,-74.339719,248.22904,-81.862304,1469,132970.796531,0.024439,4.0,True
Strategy0 / Baseline,NES,BTCUSDT,crypto,15min,0,4,"{""entry_interval"": 42, ""lookback"": 10, ""vol_target"": 0.035803}",0.119858,1.589086,0.119858,-69.146934,-69.146934,252.856903,-78.59322,1472,148829.352651,0.027354,4.0,True
Strategy0 / Baseline,NES,BTCUSDT,crypto,15min,1,5,"{""entry_interval"": 60, ""lookback"": 6, ""vol_target"": 0.047515}",0.751156,2.378036,0.751156,-35.50563,-35.50563,248.279424,-76.957756,1509,252138.867638,0.046342,4.0,True
Strategy0 / Baseline,NES,BTCUSDT,crypto,15min,1,6,"{""entry_interval"": 60, ""lookback"": 5, ""vol_target"": 0.05}",0.459675,1.827863,0.459675,-53.666059,-53.666059,248.06232,-76.770197,1505,164116.427023,0.030164,4.0,True
Strategy0 / Baseline,NES,BTCUSDT,crypto,15min,1,7,"{""entry_interval"": 60, ""lookback"": 5, ""vol_target"": 0.05}",0.459675,1.827863,0.459675,-53.666059,-53.666059,248.06232,-76.770197,1505,164116.427023,0.030164,4.0,True
Strategy0 / Baseline,NES,BTCUSDT,crypto,15min,1,8,"{""entry_interval"": 53, ""lookback"": 9, ""vol_target"": 0.043091}",0.352183,1.801664,0.352183,-59.059263,-59.059263,249.658419,-73.399643,1488,165823.043724,0.030477,4.0,True
Strategy0 / Baseline,NES,AAPL,equities,15min,0,1,"{""entry_interval"": 37, ""lookback"": 15, ""vol_target"": 0.011576}",3.525919,4.443238,3.525919,24.189335,24.189335,37.598153,-10.353313,566,6895.90466,0.027224,1.0,True
Strategy0 / Baseline,NES,AAPL,equities,15min,0,2,"{""entry_interval"": 18, ""lookback"": 18, ""vol_target"": 0.005}",2.712031,3.592726,2.712031,8.331083,8.331083,17.673031,-5.201524,566,2833.699306,0.011187,1.0,True
Strategy0 / Baseline,NES,AAPL,equities,15min,0,3,"{""entry_interval"": 23, ""lookback"": 13, ""vol_target"": 0.028424}",3.621291,4.568465,3.621291,64.154966,64.154966,88.689832,-22.870868,576,21242.005641,0.083861,1.0,True
Strategy0 / Baseline,NES,AAPL,equities,15min,0,4,"{""entry_interval"": 42, ""lookback"": 10, ""vol_target"": 0.035803}",3.507478,4.514351,3.507478,106.699475,106.699475,147.601693,-35.459367,580,47188.221766,0.186294,1.0,True
Strategy0 / Baseline,NES,AAPL,equities,15min,1,5,"{""entry_interval"": 60, ""lookback"": 6, ""vol_target"": 0.047515}",3.312346,4.365633,3.312346,95.914276,95.914276,140.447785,-40.416438,599,45969.033057,0.181481,1.0,True
Strategy0 / Baseline,NES,AAPL,equities,15min,1,6,"{""entry_interval"": 60, ""lookback"": 5, ""vol_target"": 0.05}",3.20611,4.206479,3.20611,91.761766,91.761766,140.209723,-41.086017,605,42546.678248,0.16797,1.0,True
Strategy0 / Baseline,NES,AAPL,equities,15min,1,7,"{""entry_interval"": 60, ""lookback"": 5, ""vol_target"": 0.05}",3.20611,4.206479,3.20611,91.761766,91.761766,140.209723,-41.086017,605,42546.678248,0.16797,1.0,True
Strategy0 / Baseline,NES,AAPL,equities,15min,1,8,"{""entry_interval"": 53, ""lookback"": 9, ""vol_target"": 0.043091}",3.433309,4.437452,3.433309,104.499139,104.499139,148.668128,-41.723348,584,47368.045581,0.187004,1.0,True
Strategy1 / Asymmetric Intervals,NES,GLD,commodities,15min,0,1,"{""entry_interval"": 37, ""exit_interval"": 10, ""lookback"": 15, ""vol_target"": 0.011576}",-0.812841,2.300942,-0.812841,-5.475303,-5.475303,29.840608,-15.819249,642,17779.805451,0.046795,1.5,True
Strategy1 / Asymmetric Intervals,NES,GLD,commodities,15min,0,2,"{""entry_interval"": 31, ""exit_interval"": 3, ""lookback"": 5, ""vol_target"": 0.009452}",-1.345879,2.356246,-1.345879,-12.01969,-12.01969,36.238106,-21.639082,758,29377.077505,0.077318,1.5,True
Strategy1 / Asymmetric Intervals,NES,GLD,commodities,15min,0,3,"{""entry_interval"": 23, ""exit_interval"": 1, ""lookback"": 13, ""vol_target"": 0.028424}",-0.916571,2.572937,-0.916571,-13.538452,-13.538452,56.068611,-27.937045,711,40249.102959,0.105933,1.5,True
Strategy1 / Asymmetric Intervals,NES,GLD,commodities,15min,0,4,"{""entry_interval"": 29, ""exit_interval"": 7, ""lookback"": 23, ""vol_target"": 0.030548}",-2.571919,0.146804,-2.571919,-30.368537,-30.368537,74.760947,-36.14454,539,28524.931752,0.075075,1.5,True
Strategy1 / Asymmetric Intervals,NES,GLD,commodities,15min,1,5,"{""entry_interval"": 43, ""exit_interval"": 5, ""lookback"": 5, ""vol_target"": 0.005}",-1.345541,2.314827,-1.345541,-6.19818,-6.19818,19.171342,-11.900109,758,15760.638652,0.041481,1.5,True
Strategy1 / Asymmetric Intervals,NES,GLD,commodities,15min,1,6,"{""entry_interval"": 39, ""exit_interval"": 1, ""lookback"": 5, ""vol_target"": 0.013857}",-1.346213,2.387962,-1.346213,-17.960889,-17.960889,53.121544,-30.493441,758,42380.06598,0.111541,1.5,True
Strategy1 / Asymmetric Intervals,NES,GLD,commodities,15min,1,7,"{""entry_interval"": 27, ""exit_interval"": 1, ""lookback"": 5, ""vol_target"": 0.011702}",-1.346049,2.373473,-1.346049,-15.037684,-15.037684,44.862274,-26.257781,758,36081.57329,0.094964,1.5,True
Strategy1 / Asymmetric Intervals,NES,GLD,commodities,15min,1,8,"{""entry_interval"": 31, ""exit_interval"": 6, ""lookback"": 5, ""vol_target"": 0.005}",-1.377167,1.858459,-1.377167,-6.455697,-6.455697,21.514206,-11.559078,684,14092.678203,0.037091,1.5,True
Strategy1 / Asymmetric Intervals,NES,BTCUSDT,crypto,15min,0,1,"{""entry_interval"": 37, ""exit_interval"": 10, ""lookback"": 15, ""vol_target"": 0.011576}",0.711649,2.805512,0.711649,8.419556,8.419556,122.56754,-45.900963,1633,168749.218117,0.031015,4.0,True
Strategy1 / Asymmetric Intervals,NES,BTCUSDT,crypto,15min,0,2,"{""entry_interval"": 31, ""exit_interval"": 3, ""lookback"": 5, ""vol_target"": 0.009452}",0.681999,3.058625,0.681999,15.002599,15.002599,61.707421,-23.892381,1947,104584.530126,0.019222,4.0,True
Strategy1 / Asymmetric Intervals,NES,BTCUSDT,crypto,15min,0,3,"{""entry_interval"": 23, ""exit_interval"": 1, ""lookback"": 13, ""vol_target"": 0.028424}",0.045908,1.917625,0.045908,-65.344256,-65.344256,211.7808,-80.017731,1795,198854.930554,0.036549,4.0,True
Strategy1 / Asymmetric Intervals,NES,BTCUSDT,crypto,15min,0,4,"{""entry_interval"": 29, ""exit_interval"": 7, ""lookback"": 23, ""vol_target"": 0.030548}",-0.127397,1.435591,-0.127397,-74.551416,-74.551416,249.052753,-80.941448,1421,134481.634669,0.024717,4.0,True
Strategy1 / Asymmetric Intervals,NES,BTCUSDT,crypto,15min,1,5,"{""entry_interval"": 60, ""exit_interval"": 18, ""lookback"": 5, ""vol_target"": 0.005}",0.461088,2.490728,0.461088,4.986711,4.986711,40.713314,-17.386991,1505,40799.976557,0.007499,4.0,True
Strategy1 / Asymmetric Intervals,NES,BTCUSDT,crypto,15min,1,6,"{""entry_interval"": 59, ""exit_interval"": 9, ""lookback"": 5, ""vol_target"": 0.013857}",0.471357,2.425675,0.471357,-1.03488,-1.03488,102.560182,-42.389515,1735,121518.209925,0.022334,4.0,True
Strategy1 / Asymmetric Intervals,NES,BTCUSDT,crypto,15min,1,7,"{""entry_interval"": 47, ""exit_interval"": 10, ""lookback"": 5, ""vol_target"": 0.011702}",0.783928,2.922566,0.783928,18.59244,18.59244,82.340016,-34.301786,1763,118076.475109,0.021702,4.0,True
Strategy1 / Asymmetric Intervals,NES,BTCUSDT,crypto,15min,1,8,"{""entry_interval"": 51, ""exit_interval"": 18, ""lookback"": 5, ""vol_target"": 0.005}",0.461088,2.490728,0.461088,4.986711,4.986711,40.713314,-17.386991,1505,40799.976557,0.007499,4.0,True
Strategy1 / Asymmetric Intervals,NES,AAPL,equities,15min,0,1,"{""entry_interval"": 37, ""exit_interval"": 10, ""lookback"": 15, ""vol_target"": 0.011576}",3.739846,4.835407,3.739846,26.259864,26.259864,30.345505,-5.823834,702,8265.16668,0.03263,1.0,True
Strategy1 / Asymmetric Intervals,NES,AAPL,equities,15min,0,2,"{""entry_interval"": 31, ""exit_interval"": 3, ""lookback"": 5, ""vol_target"": 0.009452}",1.876139,3.155032,1.876139,20.06878,20.06878,43.180994,-10.154185,835,15950.109579,0.062969,1.0,True
Strategy1 / Asymmetric Intervals,NES,AAPL,equities,15min,0,3,"{""entry_interval"": 23, ""exit_interval"": 1, ""lookback"": 13, ""vol_target"": 0.028424}",1.973088,3.234894,1.973088,30.000088,30.000088,64.200664,-17.849048,808,24321.60462,0.096019,1.0,True
Strategy1 / Asymmetric Intervals,NES,AAPL,equities,15min,0,4,"{""entry_interval"": 29, ""exit_interval"": 7, ""lookback"": 23, ""vol_target"": 0.030548}",2.219748,3.183879,2.219748,40.964846,40.964846,120.156668,-33.75193,576,27350.608514,0.107977,1.0,True
Strategy1 / Asymmetric Intervals,NES,AAPL,equities,15min,1,5,"{""entry_interval"": 60, ""exit_interval"": 30, ""lookback"": 26, ""vol_target"": 0.005}",2.592097,3.666621,2.592097,9.126188,9.126188,16.318395,-3.156241,699,3955.256353,0.015615,1.0,True
Strategy1 / Asymmetric Intervals,NES,AAPL,equities,15min,1,6,"{""entry_interval"": 60, ""exit_interval"": 21, ""lookback"": 27, ""vol_target"": 0.013857}",2.871503,3.782762,2.871503,29.02608,29.02608,56.388243,-15.058218,572,10745.017499,0.04242,1.0,True
Strategy1 / Asymmetric Intervals,NES,AAPL,equities,15min,1,7,"{""entry_interval"": 48, ""exit_interval"": 22, ""lookback"": 26, ""vol_target"": 0.011702}",2.748019,3.667379,2.748019,22.844792,22.844792,46.200672,-11.245452,580,8683.543804,0.034282,1.0,True
Strategy1 / Asymmetric Intervals,NES,AAPL,equities,15min,1,8,"{""entry_interval"": 52, ""exit_interval"": 30, ""lookback"": 26, ""vol_target"": 0.005}",2.592097,3.666621,2.592097,9.126188,9.126188,16.318395,-3.156241,699,3955.256353,0.015615,1.0,True
Strategy2 / EMA Filter,NES,GLD,commodities,15min,0,1,"{""ema_period"": 130, ""entry_interval"": 37, ""lookback"": 15, ""vol_target"": 0.011576}",-2.174077,0.354579,-2.174077,-11.149788,-11.149788,36.678473,-14.846252,448,12015.613352,0.031624,1.5,True
Strategy2 / EMA Filter,NES,GLD,commodities,15min,0,2,"{""ema_period"": 90, ""entry_interval"": 31, ""lookback"": 5, ""vol_target"": 0.009452}",0.049367,2.591126,0.049367,-1.5623,-1.5623,51.490429,-23.122076,480,19296.990645,0.050788,1.5,True
Strategy2 / EMA Filter,NES,GLD,commodities,15min,0,3,"{""ema_period"": 70, ""entry_interval"": 23, ""lookback"": 13, ""vol_target"": 0.028424}",-0.703023,1.858145,-0.703023,-11.257878,-11.257878,74.619879,-25.363922,488,27439.734645,0.072219,1.5,True
Strategy2 / EMA Filter,NES,GLD,commodities,15min,0,4,"{""ema_period"": 110, ""entry_interval"": 29, ""lookback"": 23, ""vol_target"": 0.030548}",-1.245488,1.423718,-1.245488,-15.861493,-15.861493,75.045208,-22.979853,466,26785.004725,0.070496,1.5,True
Strategy2 / EMA Filter,NES,GLD,commodities,15min,1,5,"{""ema_period"": 44, ""entry_interval"": 20, ""lookback"": 5, ""vol_target"": 0.010646}",0.699614,3.279387,0.699614,3.763319,3.763319,57.684968,-24.357,511,24162.155905,0.063593,1.5,True
Strategy2 / EMA Filter,NES,GLD,commodities,15min,1,6,"{""ema_period"": 20, ""entry_interval"": 16, ""lookback"": 5, ""vol_target"": 0.026205}",0.581987,3.197084,0.581987,2.454225,2.454225,76.770298,-31.657407,519,33334.260914,0.087733,1.5,True
Strategy2 / EMA Filter,NES,GLD,commodities,15min,1,7,"{""ema_period"": 20, ""entry_interval"": 10, ""lookback"": 5, ""vol_target"": 0.024051}",-2.721841,0.314987,-2.721841,-37.381235,-37.381235,62.088962,-42.245001,815,38229.861923,0.100618,1.5,True
Strategy2 / EMA Filter,NES,GLD,commodities,15min,1,8,"{""ema_period"": 47, ""entry_interval"": 10, ""lookback"": 5, ""vol_target"": 0.008492}",-2.530591,0.535235,-2.530591,-21.77568,-21.77568,37.342851,-26.532335,793,24763.533328,0.065176,1.5,True
Strategy2 / EMA Filter,NES,BTCUSDT,crypto,15min,0,1,"{""ema_period"": 130, ""entry_interval"": 37, ""lookback"": 15, ""vol_target"": 0.011576}",0.289057,2.198974,0.289057,-18.497569,-18.497569,135.328842,-41.778066,1403,123748.576725,0.022744,4.0,True
Strategy2 / EMA Filter,NES,BTCUSDT,crypto,15min,0,2,"{""ema_period"": 90, ""entry_interval"": 31, ""lookback"": 5, ""vol_target"": 0.009452}",0.5357,2.477019,0.5357,5.760632,5.760632,77.058455,-31.274969,1475,76700.722174,0.014097,4.0,True
Strategy2 / EMA Filter,NES,BTCUSDT,crypto,15min,0,3,"{""ema_period"": 70, ""entry_interval"": 23, ""lookback"": 13, ""vol_target"": 0.028424}",-0.103537,1.443195,-0.103537,-74.188496,-74.188496,248.075859,-81.947479,1448,136284.77863,0.025048,4.0,True
Strategy2 / EMA Filter,NES,BTCUSDT,crypto,15min,0,4,"{""ema_period"": 110, ""entry_interval"": 29, ""lookback"": 23, ""vol_target"": 0.030548}",0.06379,1.679933,0.06379,-67.528954,-67.528954,248.638826,-75.850685,1378,150563.610014,0.027673,4.0,True
Strategy2 / EMA Filter,NES,BTCUSDT,crypto,15min,1,5,"{""ema_period"": 175, ""entry_interval"": 60, ""lookback"": 5, ""vol_target"": 0.005}",0.655795,2.672622,0.655795,8.305586,8.305586,41.223591,-17.597004,1402,38883.102505,0.007147,4.0,True
Strategy2 / EMA Filter,NES,BTCUSDT,crypto,15min,1,6,"{""ema_period"": 123, ""entry_interval"": 57, ""lookback"": 5, ""vol_target"": 0.013857}",0.620028,2.466343,0.620028,3.959619,3.959619,113.243429,-44.35149,1451,110584.404791,0.020325,4.0,True
Strategy2 / EMA Filter,NES,BTCUSDT,crypto,15min,1,7,"{""ema_period"": 126, ""entry_interval"": 45, ""lookback"": 5, ""vol_target"": 0.011702}",-0.114063,2.045932,-0.114063,-22.547996,-22.547996,81.681997,-38.532123,2017,107342.011594,0.019729,4.0,True
Strategy2 / EMA Filter,NES,BTCUSDT,crypto,15min,1,8,"{""ema_period"": 177, ""entry_interval"": 48, ""lookback"": 5, ""vol_target"": 0.005}",0.642198,2.659672,0.642198,8.031608,8.031608,41.253869,-17.518201,1399,38788.462735,0.007129,4.0,True
Strategy2 / EMA Filter,NES,AAPL,equities,15min,0,1,"{""ema_period"": 130, ""entry_interval"": 37, ""lookback"": 15, ""vol_target"": 0.011576}",4.849354,5.72873,4.849354,30.532701,30.532701,39.03629,-10.832663,481,6012.060939,0.023735,1.0,True
Strategy2 / EMA Filter,NES,AAPL,equities,15min,0,2,"{""ema_period"": 90, ""entry_interval"": 31, ""lookback"": 5, ""vol_target"": 0.009452}",3.454523,4.374563,3.454523,36.940869,36.940869,60.796375,-20.8629,538,11313.362331,0.044664,1.0,True
Strategy2 / EMA Filter,NES,AAPL,equities,15min,0,3,"{""ema_period"": 70, ""entry_interval"": 23, ""lookback"": 13, ""vol_target"": 0.028424}",4.089955,4.99161,4.089955,70.648615,70.648615,90.877571,-24.73215,530,19415.691874,0.076651,1.0,True
Strategy2 / EMA Filter,NES,AAPL,equities,15min,0,4,"{""ema_period"": 110, ""entry_interval"": 29, ""lookback"": 23, ""vol_target"": 0.030548}",3.639045,4.559397,3.639045,76.966089,76.966089,123.658565,-34.200727,500,26848.121469,0.105993,1.0,True
Strategy2 / EMA Filter,NES,AAPL,equities,15min,1,5,"{""ema_period"": 200, ""entry_interval"": 53, ""lookback"": 22, ""vol_target"": 0.005}",3.731791,4.582104,3.731791,10.858819,10.858819,20.157986,-5.365232,462,2584.345408,0.010203,1.0,True
Strategy2 / EMA Filter,NES,AAPL,equities,15min,1,6,"{""ema_period"": 152, ""entry_interval"": 50, ""lookback"": 23, ""vol_target"": 0.014809}",3.636659,4.514004,3.636659,34.602649,34.602649,60.914388,-18.260766,480,9631.730707,0.038025,1.0,True
Strategy2 / EMA Filter,NES,AAPL,equities,15min,1,7,"{""ema_period"": 155, ""entry_interval"": 38, ""lookback"": 22, ""vol_target"": 0.012655}",3.578846,4.456864,3.578846,28.047722,28.047722,50.685272,-14.63236,481,7737.564231,0.030547,1.0,True
Strategy2 / EMA Filter,NES,AAPL,equities,15min,1,8,"{""ema_period"": 200, ""entry_interval"": 41, ""lookback"": 22, ""vol_target"": 0.005}",3.731791,4.582104,3.731791,10.858819,10.858819,20.157986,-5.365232,462,2584.345408,0.010203,1.0,True
Strategy3 / Exit Confirmation,CMA-ES,GLD,commodities,15min,0,1,"{""entry_interval"": 38, ""exit_confirmation_bars"": 1, ""exit_interval"": 11, ""lookback"": 16, ""vol_target"": 0.009704}",-3.211547,-0.57576,-3.211547,-15.433586,-15.433586,30.30475,-18.210677,539,12129.130908,0.031923,1.5,True
Strategy3 / Exit Confirmation,CMA-ES,GLD,commodities,15min,0,2,"{""entry_interval"": 27, ""exit_confirmation_bars"": 2, ""exit_interval"": 5, ""lookback"": 7, ""vol_target"": 0.021266}",-1.171371,1.904793,-1.171371,-17.986379,-17.986379,67.200314,-28.546881,642,37760.664595,0.099383,1.5,True
Strategy3 / Exit Confirmation,CMA-ES,GLD,commodities,15min,0,3,"{""entry_interval"": 31, ""exit_confirmation_bars"": 5, ""exit_interval"": 12, ""lookback"": 19, ""vol_target"": 0.0277}",-1.344856,0.41426,-1.344856,-21.281154,-21.281154,116.659424,-26.226866,350,20065.351724,0.052811,1.5,True
Strategy3 / Exit Confirmation,CMA-ES,GLD,commodities,15min,0,4,"{""entry_interval"": 19, ""exit_confirmation_bars"": 4, ""exit_interval"": 11, ""lookback"": 9, ""vol_target"": 0.023651}",0.331629,2.032228,0.331629,-2.82618,-2.82618,112.288579,-20.932702,373,22234.8187,0.05852,1.5,True
Strategy3 / Exit Confirmation,CMA-ES,GLD,commodities,15min,1,5,"{""entry_interval"": 23, ""exit_confirmation_bars"": 3, ""exit_interval"": 8, ""lookback"": 8, ""vol_target"": 0.022598}",-1.859593,-0.000418,-1.859593,-26.590005,-26.590005,104.80193,-27.630996,406,21256.642506,0.055946,1.5,True
Strategy3 / Exit Confirmation,CMA-ES,GLD,commodities,15min,1,6,"{""entry_interval"": 23, ""exit_confirmation_bars"": 3, ""exit_interval"": 8, ""lookback"": 8, ""vol_target"": 0.022636}",-1.859593,-0.000418,-1.859593,-26.590005,-26.590005,104.80193,-27.630996,406,21256.642506,0.055946,1.5,True
Strategy3 / Exit Confirmation,CMA-ES,GLD,commodities,15min,1,7,"{""entry_interval"": 25, ""exit_confirmation_bars"": 3, ""exit_interval"": 6, ""lookback"": 7, ""vol_target"": 0.021632}",-1.396065,0.911826,-1.396065,-20.15667,-20.15667,84.060787,-31.33333,484,26294.201313,0.069204,1.5,True
Strategy3 / Exit Confirmation,CMA-ES,GLD,commodities,15min,1,8,"{""entry_interval"": 24, ""exit_confirmation_bars"": 3, ""exit_interval"": 7, ""lookback"": 8, ""vol_target"": 0.021964}",-1.859593,-0.000418,-1.859593,-26.590005,-26.590005,104.80193,-27.630996,406,21256.642506,0.055946,1.5,True
Strategy3 / Exit Confirmation,CMA-ES,BTCUSDT,crypto,15min,0,1,"{""entry_interval"": 38, ""exit_confirmation_bars"": 1, ""exit_interval"": 11, ""lookback"": 16, ""vol_target"": 0.009704}",0.385704,2.313718,0.385704,-8.734054,-8.734054,118.056542,-43.157949,1420,113450.431837,0.020852,4.0,True
Strategy3 / Exit Confirmation,CMA-ES,BTCUSDT,crypto,15min,0,2,"{""entry_interval"": 27, ""exit_confirmation_bars"": 2, ""exit_interval"": 5, ""lookback"": 7, ""vol_target"": 0.021266}",0.789582,2.515715,0.789582,-0.347358,-0.347358,170.512804,-51.250311,1629,192886.875628,0.035452,4.0,True
Strategy3 / Exit Confirmation,CMA-ES,BTCUSDT,crypto,15min,0,3,"{""entry_interval"": 31, ""exit_confirmation_bars"": 5, ""exit_interval"": 12, ""lookback"": 19, ""vol_target"": 0.0277}",0.507644,2.011591,0.507644,-67.986084,-67.986084,366.764772,-91.571257,836,138070.50089,0.025377,4.0,True
Strategy3 / Exit Confirmation,CMA-ES,BTCUSDT,crypto,15min,0,4,"{""entry_interval"": 19, ""exit_confirmation_bars"": 4, ""exit_interval"": 11, ""lookback"": 9, ""vol_target"": 0.023651}",-0.846971,0.194962,-0.846971,-87.33273,-87.33273,307.548251,-94.532804,955,60292.455756,0.011081,4.0,True
Strategy3 / Exit Confirmation,CMA-ES,BTCUSDT,crypto,15min,1,5,"{""entry_interval"": 29, ""exit_confirmation_bars"": 4, ""exit_interval"": 9, ""lookback"": 13, ""vol_target"": 0.024684}",0.858339,2.290455,0.858339,-39.383393,-39.383393,293.200442,-77.80954,1114,182235.018148,0.033494,4.0,True
Strategy3 / Exit Confirmation,CMA-ES,BTCUSDT,crypto,15min,1,6,"{""entry_interval"": 29, ""exit_confirmation_bars"": 4, ""exit_interval"": 9, ""lookback"": 13, ""vol_target"": 0.024764}",0.858339,2.290455,0.858339,-39.383393,-39.383393,293.200442,-77.80954,1114,182235.018148,0.033494,4.0,True
Strategy3 / Exit Confirmation,CMA-ES,BTCUSDT,crypto,15min,1,7,"{""entry_interval"": 27, ""exit_confirmation_bars"": 3, ""exit_interval"": 6, ""lookback"": 9, ""vol_target"": 0.022449}",1.355711,2.774045,1.355711,26.094743,26.094743,235.451079,-65.107837,1231,202985.440976,0.037308,4.0,True
Strategy3 / Exit Confirmation,CMA-ES,BTCUSDT,crypto,15min,1,8,"{""entry_interval"": 28, ""exit_confirmation_bars"": 3, ""exit_interval"": 7, ""lookback"": 11, ""vol_target"": 0.023415}",0.020961,1.215929,0.020961,-76.975263,-76.975263,315.39239,-89.967797,1049,99149.936062,0.018223,4.0,True
Strategy3 / Exit Confirmation,CMA-ES,AAPL,equities,15min,0,1,"{""entry_interval"": 38, ""exit_confirmation_bars"": 1, ""exit_interval"": 11, ""lookback"": 16, ""vol_target"": 0.009704}",3.144104,4.057322,3.144104,18.088446,18.088446,31.996974,-10.127334,571,5696.906031,0.022491,1.0,True
Strategy3 / Exit Confirmation,CMA-ES,AAPL,equities,15min,0,2,"{""entry_interval"": 27, ""exit_confirmation_bars"": 2, ""exit_interval"": 5, ""lookback"": 7, ""vol_target"": 0.021266}",3.703743,4.76856,3.703743,93.502834,93.502834,100.644085,-18.502988,670,34904.370051,0.137799,1.0,True
Strategy3 / Exit Confirmation,CMA-ES,AAPL,equities,15min,0,3,"{""entry_interval"": 31, ""exit_confirmation_bars"": 5, ""exit_interval"": 12, ""lookback"": 19, ""vol_target"": 0.0277}",3.562484,4.213678,3.562484,62.491507,62.491507,158.608988,-35.891174,361,16920.253411,0.066799,1.0,True
Strategy3 / Exit Confirmation,CMA-ES,AAPL,equities,15min,0,4,"{""entry_interval"": 19, ""exit_confirmation_bars"": 4, ""exit_interval"": 11, ""lookback"": 9, ""vol_target"": 0.023651}",4.372014,5.0838,4.372014,115.340973,115.340973,187.024713,-40.360312,390,29643.647661,0.11703,1.0,True
Strategy3 / Exit Confirmation,CMA-ES,AAPL,equities,15min,1,5,"{""entry_interval"": 23, ""exit_confirmation_bars"": 3, ""exit_interval"": 8, ""lookback"": 8, ""vol_target"": 0.022598}",3.561319,4.31223,3.561319,88.374479,88.374479,186.721739,-41.603511,421,31139.091925,0.122934,1.0,True
Strategy3 / Exit Confirmation,CMA-ES,AAPL,equities,15min,1,6,"{""entry_interval"": 23, ""exit_confirmation_bars"": 3, ""exit_interval"": 8, ""lookback"": 8, ""vol_target"": 0.022636}",3.561319,4.312413,3.561319,88.506186,88.506186,187.035669,-41.663193,421,31225.304194,0.123274,1.0,True
Strategy3 / Exit Confirmation,CMA-ES,AAPL,equities,15min,1,7,"{""entry_interval"": 25, ""exit_confirmation_bars"": 3, ""exit_interval"": 6, ""lookback"": 7, ""vol_target"": 0.021632}",3.788286,4.63184,3.788286,93.448098,93.448098,139.400816,-28.534696,500,30286.435313,0.119567,1.0,True
Strategy3 / Exit Confirmation,CMA-ES,AAPL,equities,15min,1,8,"{""entry_interval"": 24, ""exit_confirmation_bars"": 3, ""exit_interval"": 7, ""lookback"": 8, ""vol_target"": 0.021964}",3.561322,4.309164,3.561322,86.157165,86.157165,181.484033,-40.60221,421,29719.740586,0.11733,1.0,True
Strategy4 / EMA + Confirmation,CMA-ES,GLD,commodities,15min,0,1,"{""ema_period"": 48, ""entry_interval"": 38, ""exit_confirmation_bars"": 1, ""exit_interval"": 11, ""lookback"": 16, ""vol_target"": 0.009704}",-2.766906,-0.151729,-2.766906,-13.213365,-13.213365,30.52934,-17.661674,521,11873.508205,0.03125,1.5,True
Strategy4 / EMA + Confirmation,CMA-ES,GLD,commodities,15min,0,2,"{""ema_period"": 131, ""entry_interval"": 30, ""exit_confirmation_bars"": 6, ""exit_interval"": 1, ""lookback"": 15, ""vol_target"": 0.016869}",-2.200489,-0.125948,-2.200489,-20.052419,-20.052419,62.302243,-24.867581,469,16764.026341,0.044122,1.5,True
Strategy4 / EMA + Confirmation,CMA-ES,GLD,commodities,15min,0,3,"{""ema_period"": 62, ""entry_interval"": 35, ""exit_confirmation_bars"": 5, ""exit_interval"": 1, ""lookback"": 14, ""vol_target"": 0.03116}",-1.476713,0.649694,-1.476713,-19.554735,-19.554735,85.432698,-34.021589,439,22370.60416,0.058878,1.5,True
Strategy4 / EMA + Confirmation,CMA-ES,GLD,commodities,15min,0,4,"{""ema_period"": 94, ""entry_interval"": 28, ""exit_confirmation_bars"": 6, ""exit_interval"": 1, ""lookback"": 19, ""vol_target"": 0.019506}",-2.083255,-0.021467,-2.083255,-20.63898,-20.63898,76.01951,-25.804354,405,17570.07777,0.046243,1.5,True
Strategy4 / EMA + Confirmation,CMA-ES,GLD,commodities,15min,1,5,"{""ema_period"": 80, ""entry_interval"": 31, ""exit_confirmation_bars"": 6, ""exit_interval"": 1, ""lookback"": 17, ""vol_target"": 0.024629}",-2.25798,-0.156837,-2.25798,-27.296054,-27.296054,92.087932,-31.362806,418,21558.472947,0.05674,1.5,True
Strategy4 / EMA + Confirmation,CMA-ES,GLD,commodities,15min,1,6,"{""ema_period"": 68, ""entry_interval"": 34, ""exit_confirmation_bars"": 5, ""exit_interval"": 1, ""lookback"": 15, ""vol_target"": 0.029019}",-2.322212,-0.137539,-2.322212,-26.668345,-26.668345,85.810113,-34.808992,431,21652.04488,0.056987,1.5,True
Strategy4 / EMA + Confirmation,CMA-ES,GLD,commodities,15min,1,7,"{""ema_period"": 79, ""entry_interval"": 31, ""exit_confirmation_bars"": 6, ""exit_interval"": 1, ""lookback"": 17, ""vol_target"": 0.025169}",-2.234602,-0.132398,-2.234602,-27.089931,-27.089931,92.066451,-31.362806,418,21595.279626,0.056837,1.5,True
Strategy4 / EMA + Confirmation,CMA-ES,GLD,commodities,15min,1,8,"{""ema_period"": 81, ""entry_interval"": 31, ""exit_confirmation_bars"": 6, ""exit_interval"": 1, ""lookback"": 17, ""vol_target"": 0.02419}",-2.25798,-0.156837,-2.25798,-27.296054,-27.296054,92.087932,-31.362806,418,21558.472947,0.05674,1.5,True
Strategy4 / EMA + Confirmation,CMA-ES,BTCUSDT,crypto,15min,0,1,"{""ema_period"": 48, ""entry_interval"": 38, ""exit_confirmation_bars"": 1, ""exit_interval"": 11, ""lookback"": 16, ""vol_target"": 0.009704}",0.27616,2.233818,0.27616,-13.51433,-13.51433,117.571312,-44.922551,1415,111217.830122,0.020441,4.0,True
Strategy4 / EMA + Confirmation,CMA-ES,BTCUSDT,crypto,15min,0,2,"{""ema_period"": 131, ""entry_interval"": 30, ""exit_confirmation_bars"": 6, ""exit_interval"": 1, ""lookback"": 15, ""vol_target"": 0.016869}",1.214407,2.73838,1.214407,16.647386,16.647386,221.632715,-61.384841,1288,210565.729441,0.038701,4.0,True
Strategy4 / EMA + Confirmation,CMA-ES,BTCUSDT,crypto,15min,0,3,"{""ema_period"": 62, ""entry_interval"": 35, ""exit_confirmation_bars"": 5, ""exit_interval"": 1, ""lookback"": 14, ""vol_target"": 0.03116}",0.919126,2.370327,0.919126,-29.686212,-29.686212,275.679794,-75.075413,1202,197945.890292,0.036381,4.0,True
Strategy4 / EMA + Confirmation,CMA-ES,BTCUSDT,crypto,15min,0,4,"{""ema_period"": 94, ""entry_interval"": 28, ""exit_confirmation_bars"": 6, ""exit_interval"": 1, ""lookback"": 19, ""vol_target"": 0.019506}",1.335812,2.860134,1.335812,5.770773,5.770773,277.315218,-68.950875,1118,241192.214292,0.04433,4.0,True
Strategy4 / EMA + Confirmation,CMA-ES,BTCUSDT,crypto,15min,1,5,"{""ema_period"": 110, ""entry_interval"": 29, ""exit_confirmation_bars"": 6, ""exit_interval"": 1, ""lookback"": 17, ""vol_target"": 0.018386}",1.689375,3.229622,1.689375,54.361157,54.361157,258.256192,-56.702322,1119,270689.664714,0.049751,4.0,True
Strategy4 / EMA + Confirmation,CMA-ES,BTCUSDT,crypto,15min,1,6,"{""ema_period"": 124, ""entry_interval"": 29, ""exit_confirmation_bars"": 6, ""exit_interval"": 1, ""lookback"": 15, ""vol_target"": 0.017377}",1.896648,3.557602,1.896648,92.151638,92.151638,230.7602,-54.466903,1129,288369.389602,0.053001,4.0,True
Strategy4 / EMA + Confirmation,CMA-ES,BTCUSDT,crypto,15min,1,7,"{""ema_period"": 112, ""entry_interval"": 29, ""exit_confirmation_bars"": 6, ""exit_interval"": 1, ""lookback"": 17, ""vol_target"": 0.018154}",1.689392,3.235773,1.689392,55.417386,55.417386,254.999759,-56.199394,1119,267478.316399,0.049161,4.0,True
Strategy4 / EMA + Confirmation,CMA-ES,BTCUSDT,crypto,15min,1,8,"{""ema_period"": 109, ""entry_interval"": 29, ""exit_confirmation_bars"": 6, ""exit_interval"": 1, ""lookback"": 17, ""vol_target"": 0.018467}",1.689369,3.227463,1.689369,53.983361,53.983361,259.393122,-56.876802,1119,271797.844002,0.049955,4.0,True
Strategy4 / EMA + Confirmation,CMA-ES,AAPL,equities,15min,0,1,"{""ema_period"": 48, ""entry_interval"": 38, ""exit_confirmation_bars"": 1, ""exit_interval"": 11, ""lookback"": 16, ""vol_target"": 0.009704}",3.483576,4.393477,3.483576,19.972432,19.972432,32.147817,-10.628395,559,5643.225161,0.022279,1.0,True
Strategy4 / EMA + Confirmation,CMA-ES,AAPL,equities,15min,0,2,"{""ema_period"": 131, ""entry_interval"": 30, ""exit_confirmation_bars"": 6, ""exit_interval"": 1, ""lookback"": 15, ""vol_target"": 0.016869}",3.560071,4.408653,3.560071,36.918984,36.918984,62.432557,-16.411868,508,10178.115942,0.040182,1.0,True
Strategy4 / EMA + Confirmation,CMA-ES,AAPL,equities,15min,0,3,"{""ema_period"": 62, ""entry_interval"": 35, ""exit_confirmation_bars"": 5, ""exit_interval"": 1, ""lookback"": 14, ""vol_target"": 0.03116}",2.927054,3.742351,2.927054,46.951877,46.951877,112.325558,-26.606435,474,17747.872605,0.070067,1.0,True
Strategy4 / EMA + Confirmation,CMA-ES,AAPL,equities,15min,0,4,"{""ema_period"": 94, ""entry_interval"": 28, ""exit_confirmation_bars"": 6, ""exit_interval"": 1, ""lookback"": 19, ""vol_target"": 0.019506}",2.94651,3.736417,2.94651,32.600948,32.600948,82.609149,-19.442902,442,10666.816737,0.042111,1.0,True
Strategy4 / EMA + Confirmation,CMA-ES,AAPL,equities,15min,1,5,"{""ema_period"": 84, ""entry_interval"": 34, ""exit_confirmation_bars"": 3, ""exit_interval"": 7, ""lookback"": 15, ""vol_target"": 0.012857}",3.180168,3.847498,3.180168,22.501286,22.501286,57.689853,-10.162513,399,5365.280171,0.021182,1.0,True
Strategy4 / EMA + Confirmation,CMA-ES,AAPL,equities,15min,1,6,"{""ema_period"": 116, ""entry_interval"": 31, ""exit_confirmation_bars"": 5, ""exit_interval"": 3, ""lookback"": 15, ""vol_target"": 0.015598}",2.918526,3.735978,2.918526,23.045511,23.045511,57.436015,-16.723041,450,7406.113333,0.029239,1.0,True
Strategy4 / EMA + Confirmation,CMA-ES,AAPL,equities,15min,1,7,"{""ema_period"": 89, ""entry_interval"": 34, ""exit_confirmation_bars"": 3, ""exit_interval"": 6, ""lookback"": 15, ""vol_target"": 0.01322}",3.510021,4.306361,3.510021,25.347289,25.347289,49.357585,-14.215836,460,6373.912566,0.025163,1.0,True
Strategy4 / EMA + Confirmation,CMA-ES,AAPL,equities,15min,1,8,"{""ema_period"": 81, ""entry_interval"": 35, ""exit_confirmation_bars"": 3, ""exit_interval"": 7, ""lookback"": 15, ""vol_target"": 0.01266}",3.246139,3.914217,3.246139,22.803411,22.803411,56.709756,-9.52998,401,5314.425074,0.020981,1.0,True
